Ticker,Sector,Date,Close,Annualized_Return_1Y,Annualized_Vol_252D,Beta_IHSG,Sharpe_Ratio,Max_Drawdown_1Y,GARCH_Vol,VaR_95_1D,VaR_99_1D,ES_95_1D,GARCH_Model,Pivot_Point,Support_1,Resistance_1,PE_Ratio,PB_Ratio,ROE,Dividend_Yield,Debt_to_Equity,Current_Ratio
AADI.JK,Energy,2026-10-01,11150.0,0.807676752388135,0.44170092152416685,0.3692052290201401,1.6927179076064474,-0.33404710939776566,0.4438,4.24,7.38,6.31,garch-t,11166.666666666666,10958.333333333332,11358.333333333332,5.9880238,2.418655,0.23297001,8.98,0.25672,2.593
ACES.JK,Consumer Cyclicals,2026-10-01,324.0,-0.18565927665886306,0.275276024534805,0.5900015503206636,-0.8924074832398621,-0.5262924935846962,0.2798,2.76,4.81,4.13,garch-t,326.6666666666667,319.33333333333337,331.33333333333337,7.2564387,0.8716121,0.121199995,9.88,0.15331,4.945
ADMR.JK,Energy,2026-10-01,1440.0,0.4577625663881508,0.6201454895382282,1.1351228408429048,0.6414009804108247,-0.411879909637613,0.4315,4.33,7.28,6.26,garch-t,1440.0,1410.0,1470.0,10.661139,3.6,0.17246,3.52,1.03461,1.583
ADRO.JK,Energy,2026-10-01,2410.0,0.6665327321361163,0.3850003779144434,0.5665227352753693,1.5754040554912052,-0.32276666999998616,0.3863,3.54,6.42,5.47,garch-t,2426.6666666666665,2373.333333333333,2463.333333333333,6.6427784,1.50625,0.123380005,9.81,0.3782399999999999,2.918
AKRA.JK,Energy,2026-10-01,1450.0,0.25076327369681195,0.38136604491538423,0.5351021220887585,0.500209119377731,-0.28685098695653916,0.3217,2.98,5.35,4.56,garch-t,1440.0,1420.0,1470.0,10.526316,2.2155297,0.19524999,6.9,0.3332699999999999,1.326
AMMN.JK,Basic Materials,2026-10-01,4370.0,-0.45882352941176474,0.7269141787630057,1.894944089106316,-0.7137332450460707,-0.6704545454544693,0.515,4.73,8.44,7.2,garch-t,4403.333333333333,4266.666666666666,4506.666666666666,18.110987,5.4625,0.16633,,1.00183,2.773
AMRT.JK,Consumer Non-Cyclicals,2026-10-01,1295.0,-0.3454402712951843,0.4752067946388164,0.9095157886248316,-0.8531852294286142,-0.5552788249751367,0.3075,2.95,5.13,4.39,garch-t,1306.6666666666667,1268.3333333333335,1333.3333333333335,15.33815,2.989416,0.20027,3.2,0.14109,1.036
ANTM.JK,Basic Materials,2026-10-01,3120.0,-0.02948420767965032,0.5448822969398591,1.1908495308106177,-0.16422637321093553,-0.4684874150785499,0.3643,3.77,5.34,4.73,ewma_unhealthy_guard,3160.0,3080.0,3200.0,8.424691,2.0116975,0.26827,6.73,0.15598,1.991
ASII.JK,Consumer Cyclicals,2026-10-01,4510.0,-0.15822712305348996,0.4041005693651802,0.8332512402282177,-0.5400303775021511,-0.381061005203265,0.2617,2.59,4.38,3.76,garch-t,4553.333333333333,4466.666666666666,4596.666666666666,6.093853,0.78254896,0.11983,8.65,0.41125,1.187
ASSA.JK,Transportation & Logistics,2026-10-01,560.0,-0.34250379482940074,0.4815304171062725,1.263160814160365,-0.8358827285833552,-0.5856573705174387,0.3676,3.66,6.28,5.39,garch-t,566.6666666666666,548.3333333333333,578.3333333333333,5.0,0.9142633,0.18163,8.93,1.29162,0.986
AUTO.JK,Consumer Cyclicals,2026-10-01,3300.0,0.4956856625724382,0.3042623678804691,0.5472712688110071,1.4319359757550532,-0.1583132920839407,0.2205,2.28,3.23,2.87,ewma_unhealthy_guard,3303.3333333333335,3266.666666666667,3336.666666666667,6.587615,0.99464667,0.15295,6.94,0.03433,2.025
BBCA.JK,Financials,2026-10-01,6000.0,-0.17811792482802213,0.3350448629644912,0.8462654003201654,-0.7107024773299718,-0.4746618401886495,0.2082,2.1,3.37,2.91,garch-t,6050.0,5950.0,6100.0,12.70648,2.7253997,0.21818,6.35,,
BBNI.JK,Financials,2026-10-01,3410.0,-0.1323459755016898,0.3190216399509146,0.7912011501807,-0.6029226500391462,-0.2936733459217966,0.243,2.35,4.04,3.46,garch-t,3406.6666666666665,3383.333333333333,3433.333333333333,6.1424837,0.7729167,0.1245,10.25,,
BBRI.JK,Financials,2026-10-01,3100.0,-0.19420075339335752,0.30472226557851756,0.8205058017392797,-0.8342019862210293,-0.3570253500856998,0.2654,2.66,4.22,3.65,garch-t,3110.0,3060.0,3150.0,7.616146,1.4510324,0.18988001,13.48,,
BBTN.JK,Financials,2026-10-01,1055.0,-0.20377358490566033,0.3978848407330881,0.9674322921910382,-0.6629378527762347,-0.2953020134226206,0.266,2.76,3.9,3.46,ewma_unhealthy_guard,1060.0,1045.0,1070.0,3.5402684,0.39422834,0.117419995,3.98,,
BIRD.JK,Transportation & Logistics,2026-10-01,1540.0,-0.05357617892245081,0.22073465332467979,0.5010810172829754,-0.5145348166994652,-0.30999996750131825,0.1126,1.17,1.65,1.46,ewma_unhealthy_guard,1540.0,1525.0,1555.0,6.209677,0.6302719,0.10248999,10.78,0.35027,1.145
BJBR.JK,Financials,2026-10-01,755.0,0.09122217674208533,0.2103267547215854,0.3498191856580681,0.1484453479923022,-0.17648748733336236,0.1321,1.25,2.23,1.91,garch-t,756.6666666666666,748.3333333333333,763.3333333333333,5.5065274,0.49137202,0.0938,11.33,,
BJTM.JK,Financials,2026-10-01,510.0,0.09742240013869075,0.16294214889720807,0.3715291942661197,0.22966537956314134,-0.09880126417124262,0.1348,1.34,2.18,1.88,garch-t,510.0,505.0,515.0,4.8873982,0.587628,0.11266,11.1,,
BMRI.JK,Financials,2026-10-01,4010.0,0.03250652775161145,0.31174271291491834,0.8717495507797367,-0.0881925476261076,-0.401684529922473,0.2477,2.41,3.98,3.42,garch-t,4013.3333333333335,3996.666666666667,4026.666666666667,6.009651,1.3150926,0.22378999,13.54,,
BREN.JK,Infrastructures,2026-10-01,2870.0,-0.6833477425510952,0.7017681232137385,1.4485343269396687,-1.05924828830734,-0.7672371469564941,0.415,4.3,6.08,5.39,ewma_unhealthy_guard,2870.0,2830.0,2910.0,138.91579,57.4,0.21476999,14.000000000000002,2.23239,1.63
BRIS.JK,Financials,2026-10-01,1425.0,-0.44405546148740116,0.3912439277976698,0.8610903125001866,-1.2883373704669998,-0.4624817964539156,0.4574,4.11,7.74,6.63,garch-t,1418.3333333333333,1391.6666666666665,1451.6666666666665,8.203327,1.2878795,0.16148001,2.3,,
BRPT.JK,Basic Materials,2026-10-01,1405.0,-0.5311520327651316,0.8514151085523254,2.3605932619496635,-0.6943162418788101,-0.7079439399099673,0.4135,4.28,6.06,5.37,ewma_unhealthy_guard,1405.0,1380.0,1430.0,52.07561,5.403846,0.0646,12.0,1.33059,2.18
BSDE.JK,Properties & Real Estate,2026-10-01,540.0,-0.49056603773584906,0.376672258793386,0.8112738648142085,-1.46165416546824,-0.5384615384610782,0.3341,3.35,5.53,4.76,garch-t,543.3333333333334,531.6666666666667,551.6666666666667,6.0680976,0.25197262,0.041500002,,0.35164,3.556
BUKA.JK,Technology,2026-10-01,104.0,-0.3619631901840491,0.4372558407431588,0.8229821853157431,-0.9650236448373988,-0.512820512817883,0.3838,3.79,6.6,5.67,garch-t,105.33333333333333,102.66666666666666,106.66666666666666,5.667575,0.39306986,0.078200005,,0.00436,42.869
CPIN.JK,Consumer Non-Cyclicals,2026-10-01,2880.0,-0.3899578614352597,0.40121562013404966,0.46907984443940975,-1.1214836047542727,-0.4232329110365762,0.3034,2.99,5.12,4.39,garch-t,2920.0,2840.0,2960.0,6.5189342,1.353297,0.22792,6.25,0.2821099999999999,2.681
CTRA.JK,Properties & Real Estate,2026-10-01,530.0,-0.39494078711239033,0.3332505695495799,0.8023998304345762,-1.3651572225969848,-0.5069767348834499,0.324,3.31,5.22,4.52,garch-t,531.6666666666666,523.3333333333333,538.3333333333333,3.8970587,0.40100053,0.100430004,6.79,0.29003,2.285
EMTK.JK,Technology,2026-10-01,384.0,-0.6874881841741896,0.650858226700176,1.5497223486285667,-1.148463682329461,-0.7513883662925429,0.4717,4.81,8.2,7.06,garch-t,387.3333333333333,376.66666666666663,394.66666666666663,10.448979,0.6414497,0.07585,2.6,0.06298,4.837
ERAA.JK,Consumer Cyclicals,2026-10-01,595.0,0.4254949084715165,0.35592826773287733,0.7477948677804337,1.0268751170690975,-0.4198198065266866,0.3994,3.66,6.76,5.78,garch-t,590.0,580.0,605.0,6.626573,0.98177207,0.15506,4.2,0.7292000000000001,1.264
EXCL.JK,Infrastructures,2026-10-01,2400.0,-0.09562955697219155,0.5779144773414535,1.3283158454737847,-0.26929466863930335,-0.48552338530056,0.337,3.49,4.94,4.38,ewma_unhealthy_guard,2386.6666666666665,2323.333333333333,2463.333333333333,,1.5126696,-0.13436,6.63,2.04323,0.318
GOTO.JK,Technology,2026-10-01,28.0,-0.5,0.4524293785986653,0.45580162655191564,-1.2377595017702292,-0.6056338028083713,1.0012,10.37,14.67,13.01,ewma_unhealthy_guard,28.0,28.0,28.0,,0.921386,-0.011569999,,0.28366,2.61
HEAL.JK,Healthcare,2026-10-01,590.0,-0.6455406566908484,0.3726951166591321,0.4329435017291967,-1.8930721978413745,-0.6455406566904606,0.3893,3.31,6.44,5.51,garch-t,590.0,575.0,605.0,22.762346,1.631105,0.07281,2.29,0.51262,1.271
HEXA.JK,Industrials,2026-10-01,3410.0,-0.37142342305691045,0.22035106317830588,0.3682363464340112,-1.9578823852799985,-0.3685133223661368,0.4083,4.23,5.98,5.31,ewma_unhealthy_guard,3440.0,3370.0,3480.0,11.454869,1.6881187999999998,0.0805,7.02,0.52164,1.648
HRUM.JK,Energy,2026-10-01,825.0,-0.2325581395348837,0.5503079796971662,1.4083989255070288,-0.5316252329661744,-0.5095785440609122,0.4205,4.16,7.12,6.11,garch-t,830.0,810.0,845.0,13.604881,1.1301370000000002,0.07237,,0.29561,1.852
ICBP.JK,Consumer Non-Cyclicals,2026-10-01,6625.0,-0.269113269774343,0.30376589507715385,0.541653665520705,-1.083440213887532,-0.44767836784089143,0.2345,2.31,3.88,3.33,garch-t,6650.0,6575.0,6700.0,10.471163,1.4642026,0.12555,4.0,0.6665300000000001,3.581
INCO.JK,Basic Materials,2026-10-01,4130.0,0.04008441438748345,0.6650896133341196,1.3934537377270377,-0.029944168829385682,-0.46939662051743025,0.4454,4.49,7.51,6.46,garch-t,4166.666666666667,4063.333333333334,4233.333333333334,15.6008005,1.535316,0.05584,1.89,0.00056,1.584
INDF.JK,Consumer Non-Cyclicals,2026-10-01,6750.0,-0.09953458366274082,0.2663055426411973,0.37129248292410205,-0.5990637033566483,-0.30791786962681983,0.2176,2.15,3.46,2.99,garch-t,6733.333333333333,6691.666666666666,6791.666666666666,6.191979,0.77311164,0.12137,4.3,0.6378900000000001,2.029
INDY.JK,Energy,2026-10-01,2570.0,0.24128164235115168,0.7637350187374222,1.1080751951052144,0.23736165102025594,-0.5735116291660043,0.6047,5.64,10.26,8.77,garch-t,2573.3333333333335,2496.666666666667,2646.666666666667,51.022434,1.1125541,0.03069,40.0,0.94428,2.071
INKP.JK,Basic Materials,2026-10-01,7975.0,0.10429752315331142,0.4920826230813601,1.1250863433685827,0.09002031580715168,-0.45833335732625596,0.4063,3.78,6.87,5.87,garch-t,8083.333333333333,7841.666666666666,8216.666666666666,3.6603222,0.60646387,0.09631,94.0,0.7212000000000001,2.733
ISAT.JK,Infrastructures,2026-10-01,2260.0,0.2545233065268222,0.522016527100129,0.8632229444337397,0.37263750052114697,-0.3934967605482513,0.4046,3.89,6.73,5.76,garch-t,2250.0,2200.0,2310.0,9.737182,1.9672635,0.20238,4.91,1.76375,0.665
ITMG.JK,Energy,2026-10-01,24650.0,0.14702564294119091,0.27718848520027783,0.19573648215177053,0.31395722993717545,-0.24574584940932825,0.2858,2.62,4.72,4.02,garch-t,24816.666666666668,24408.333333333336,25058.333333333336,7.197753,1.4306441,0.111190006,7.02,0.052,3.458
KLBF.JK,Healthcare,2026-10-01,720.0,-0.3726426528413994,0.38532326968300223,0.5302134130101976,-1.1228014606952348,-0.5726672323977513,0.3192,3.33,5.27,4.57,garch-t,721.6666666666666,713.3333333333333,728.3333333333333,9.049774,1.3391039,0.14768,2.78,0.03208,3.153
MAPI.JK,Consumer Cyclicals,2026-10-01,1480.0,0.23634962698404527,0.4895166178613843,0.39642497180832725,0.36025184906415736,-0.3869073875048411,0.4804,4.69,8.03,6.89,garch-t,1491.6666666666667,1433.3333333333335,1538.3333333333335,9.930221,1.6031579,0.17613001,68.0,0.47511,1.635
MBMA.JK,Basic Materials,2026-10-01,476.0,0.012765957446808418,0.7394716586573756,1.5560303636267843,-0.06387530627427405,-0.52265193370108,0.5322,5.51,7.8,6.91,ewma_unhealthy_guard,478.6666666666667,465.33333333333337,489.33333333333337,36.756756,3.1733334,0.09239,,0.5277499999999999,1.534
MDKA.JK,Basic Materials,2026-10-01,2820.0,0.19565640446814303,0.666808756173311,1.3913806716988308,0.20344094130633036,-0.4467005205729679,0.5367,5.15,9.12,7.81,garch-t,2846.6666666666665,2763.333333333333,2903.333333333333,68.00096,8.057143,0.07467,44.0,0.86028,1.111
MEDC.JK,Energy,2026-10-01,1380.0,0.11865038731860578,0.5099802935463241,0.5856272085465452,0.11500497775273451,-0.4723227739651499,0.4395,4.32,7.21,6.19,garch-t,1381.6666666666667,1358.3333333333335,1403.3333333333335,5.4824996,1.4680852,0.15089,4.67,1.7173500000000002,1.692
MIKA.JK,Healthcare,2026-10-01,1670.0,-0.2786246335421111,0.3396529195566832,0.44145796359941214,-0.9969696036014674,-0.47323763453652096,0.3194,3.19,5.3,4.56,garch-t,1686.6666666666667,1643.3333333333335,1713.3333333333335,16.474302,3.1748445,0.18961,2.57,0.00112,2.785
MPMX.JK,Transportation & Logistics,2026-10-01,1010.0,0.2774232176153333,0.14488656349050666,0.2847241549733777,1.500634094309822,-0.06863563965094538,0.1297,1.25,2.13,1.82,garch-t,1013.3333333333334,1001.6666666666667,1021.6666666666667,8.558597,0.7959412,0.09101,16.83,0.00915,1.609
MYOR.JK,Consumer Non-Cyclicals,2026-10-01,1370.0,-0.30386178861788615,0.37087611953959687,0.38200527541932194,-0.9810844871465259,-0.4296699059279603,0.3042,3.01,5.16,4.43,garch-t,1376.6666666666667,1358.3333333333335,1388.3333333333335,8.928572,1.6611618,0.19617,4.38,0.2467099999999999,3.319
NRCA.JK,Properties & Real Estate,2026-10-01,530.0,-0.40584378506914565,0.9304294357751492,1.9539376714409487,-0.5006755660148277,-0.8074973953773896,0.5387,5.58,7.89,7.0,ewma_unhealthy_guard,530.0,520.0,540.0,6.882223,0.9730002,0.14822,7.55,0.24898,1.779
PGAS.JK,Energy,2026-10-01,1380.0,-0.14686674856674242,0.3547152132261312,0.6827015354494548,-0.5831894366634578,-0.3989649715505707,0.3025,2.85,5.03,4.3,garch-t,1385.0,1365.0,1400.0,7.6628356,1.1794871999999998,0.10092,9.1,0.29053,2.006
PGEO.JK,Infrastructures,2026-10-01,955.0,-0.2425285311935983,0.41168745016071734,0.8942967917244017,-0.7348482355419382,-0.554928864189191,0.3956,3.69,6.79,5.82,garch-t,958.3333333333334,931.6666666666667,981.6666666666667,15.139505,1.9895834,0.07514,5.18,0.3695799999999999,4.363
POWR.JK,Infrastructures,2026-10-01,935.0,0.46840432343727834,0.25325863677342664,0.23244388838908622,1.6125914442602185,-0.10243902439014396,0.2953,2.85,4.81,4.13,garch-t,935.0,920.0,950.0,11.807046,2.0777777,0.09866,7.89,0.48847,7.114
PTBA.JK,Energy,2026-10-01,3050.0,0.3412739568805674,0.3053780110486114,0.49822035819565963,0.9210651246617376,-0.2528748655073965,0.3369,3.0,5.63,4.81,garch-t,3076.6666666666665,3003.333333333333,3123.333333333333,7.401835,1.392167,0.21109,3.75,0.11782,1.206
PWON.JK,Properties & Real Estate,2026-10-01,252.0,-0.3001567404761134,0.3134065664466086,0.5760151638942448,-1.14916415247897,-0.4058893832391323,0.2995,3.03,5.01,4.32,garch-t,254.66666666666666,247.33333333333331,259.3333333333333,5.47588,0.5312678,0.10025,5.16,0.22075,3.025
SIDO.JK,Consumer Non-Cyclicals,2026-10-01,346.0,-0.3132982160951788,0.2309988711939905,0.43856586931553126,-1.616010494575939,-0.36923895168024695,0.2433,2.34,4.17,3.57,garch-t,346.6666666666667,343.33333333333337,349.33333333333337,10.616754,3.4003243,0.30396998,10.69,0.00053,7.523
SILO.JK,Healthcare,2026-10-01,2030.0,-0.028708133971291905,0.37051920453792414,-0.1545999403889513,-0.23941510580217845,-0.5079999999998646,0.387,3.41,6.46,5.52,garch-t,2033.3333333333333,1986.6666666666665,2076.6666666666665,21.552181,2.5644524,0.13108,,0.23241,0.722
SMDR.JK,Transportation & Logistics,2026-10-01,396.0,0.27681891027296746,0.46355977319869035,1.0327130696658673,0.4677248870236806,-0.4196428126653194,0.3495,3.62,5.12,4.54,ewma_unhealthy_guard,391.3333333333333,386.66666666666663,400.66666666666663,7.331976,1.1647059,0.10326,3.03,0.67026,2.31
SMGR.JK,Basic Materials,2026-10-01,1450.0,-0.4904024012315733,0.5079511308746184,0.9724207538893656,-1.0835713993046192,-0.5572266595745781,0.5141,5.0,8.73,7.48,garch-t,1456.6666666666667,1428.3333333333335,1478.3333333333335,25.906734,0.22427441,0.0073100002,1.95,0.16849,1.054
SMRA.JK,Properties & Real Estate,2026-10-01,238.0,-0.44474919967340465,0.3442144660590427,0.8323329100894339,-1.4663757135968605,-0.4622641817711854,0.4215,4.36,6.95,6.02,garch-t,240.0,236.0,242.0,6.6001105,0.33035046,0.06781,2.1,0.91979,1.088
SMSM.JK,Consumer Cyclicals,2026-10-01,1670.0,-0.05912865909960896,0.18570361164454774,0.3001509366744839,-0.6414954267674836,-0.19014631454897765,0.1714,1.65,2.83,2.42,garch-t,1673.3333333333333,1661.6666666666665,1681.6666666666665,8.38943,2.3990462,0.28834,9.58,0.0358,4.391
TBIG.JK,Infrastructures,2026-10-01,1430.0,-0.18524871295411394,0.5050039567173142,0.4496523376546076,-0.48563624909407843,-0.5355871983638846,0.2838,2.94,4.16,3.69,ewma_unhealthy_guard,1441.6666666666667,1408.3333333333335,1463.3333333333335,22.239502,2.4980347,0.1245,3.29,2.2083500000000003,0.161
TLKM.JK,Infrastructures,2026-10-01,2250.0,-0.2466041392791548,0.4365642181535932,0.9731887142820913,-0.7023100479142724,-0.4035532984717067,0.2994,2.95,4.96,4.25,garch-t,2250.0,2200.0,2300.0,12.616351,1.8744314,0.17683001,9.92,0.59982,0.791
TOWR.JK,Infrastructures,2026-10-01,404.0,-0.293799733870713,0.3924069821163828,0.7736673304644601,-0.9016119701810268,-0.5242321758119068,0.3651,3.52,6.25,5.35,garch-t,402.6666666666667,399.33333333333337,407.33333333333337,5.9420505,0.8225844,0.16139999,3.41,1.56508,0.204
TPIA.JK,Basic Materials,2026-10-01,1730.0,-0.7828845463156328,0.8429328378044753,1.59604559815984,-0.9999415238935347,-0.8757359094226723,0.4196,4.35,6.15,5.45,ewma_unhealthy_guard,1726.6666666666667,1683.3333333333335,1773.3333333333335,120.47354,3.7608695,0.03923,35.0,1.19069,2.298
UNTR.JK,Industrials,2026-10-01,26350.0,0.04325802850586258,0.3881096699178851,0.6497497583979827,-0.04313710699497033,-0.33480198035822534,0.4805,4.36,8.0,6.82,garch-t,26416.666666666668,25833.333333333336,26933.333333333336,12.468828,0.980378,0.07437,5.79,0.27593,1.237
UNVR.JK,Consumer Non-Cyclicals,2026-10-01,1625.0,0.05196445194643462,0.45713752168725424,0.6063380636462881,-0.01757792807288903,-0.4638988986931977,0.2598,2.41,4.45,3.82,garch-t,1623.3333333333333,1616.6666666666665,1631.6666666666665,16.583324,20.417652,1.3336799,14.03,0.18102,0.571
