Date,Ticker,Open,High,Low,Close,Adj Close,Volume,Sector,Log_Return,Return_1D,Return_5D,Return_20D,SMA_10,SMA_20,SMA_50,SMA_200,Dist_SMA_20,Dist_SMA_50,Dist_SMA_200,EMA_12,EMA_26,MACD,MACD_Signal,MACD_Hist,RSI_14,Volatility_20D,Bollinger_Upper,Bollinger_Lower,Volume_SMA_20,Volume_Ratio,MFI_14,CMF_20,Pivot_Point,Support_1,Support_2,Resistance_1,Resistance_2,Annualized_Return_1Y,Annualized_Vol_252D,Max_Drawdown_1Y,Beta_IHSG,Sharpe_Ratio,GARCH_Vol,VaR_95_1D,VaR_99_1D,ES_95_1D,GARCH_Model,Target_Return_5D,Target_Class_5D,PE_Ratio,PB_Ratio,ROE,ROA,Profit_Margin,Operating_Margin,Dividend_Yield,Market_Cap,Earnings_Growth,Debt_to_Equity,Current_Ratio,Quick_Ratio,Free_Float_Ratio,Free_Cashflow,Operating_Cashflow,Log_Market_Cap,GBDT_Prob,ARIMA_Prob,ARIMA_Expected_Return,LSTM_Prob,Bullish_Probability,Conviction_Score,Recommendation,Entry_Price,Target_Price,Stop_Loss,Risk_Reward_Ratio,ATR_14,Dividend_Score
2026-09-25,UNVR.JK,1635.0,1635.0,1620.0,1630.0,1630.0,5679400,Consumer Non-Cyclicals,0.0061538655743782,0.0061728395061728,-0.012121212121212,-0.0712250712250712,1627.5,1657.0,1716.7,1863.9636688232424,-0.0162945081472442,-0.0505038737111606,-0.1255194362081223,1639.5502122617647,1669.814808204341,-30.264595942576307,-29.941617298755126,-0.3229786438211803,37.49999999671875,0.1565151728658819,1735.2304288597595,1578.7695711402405,20232060.0,0.2807128883564007,19.098917166457312,0.1052944521876809,1621.6666666666667,1613.3333333333337,1606.6666666666667,1628.3333333333337,1636.6666666666667,0.0708106862302779,0.4581964100646214,-0.4638988986931977,1.0,0.0235939487932795,0.2757,2.54,4.71,4.04,garch-t,,,16.639444,20.480474,1.3336799,0.1658,0.25577998,0.12069,13.99,61909411823616.0,-0.093,0.18102,0.571,0.329,0.1463,1525940617216.0,4480197197824,31.75669333290763,0.4404,0.5096,0.0015,0.4563,0.459,0.04099999999999998,SELL ON STRENGTH,1630,1650,1610,1.0,21.07,49.5078975
2026-09-25,SIDO.JK,352.0,354.0,348.0,350.0,350.0,15974000,Consumer Non-Cyclicals,0.0,0.0,-0.0112994350282485,-0.0056818181818182,351.6,352.9,357.0,444.91767150878906,-0.0082176253896054,-0.0196078431371999,-0.2133376073526013,351.9187812562395,353.31141014248664,-1.3926288862471097,-1.7203261273435104,0.3276972410964007,44.99999998425,0.1471137961680241,359.57753500012217,346.2224649998778,23530510.0,0.6788633140548165,38.70028976789066,-0.0032146207930845,352.0,348.0,346.0,354.0,358.0,-0.3053594250754176,0.2320239217040411,-0.3692389516802469,1.0,-1.5746559567486935,0.2494,2.4,4.27,3.66,garch-t,,,10.7394905,3.4396346,0.30396998,0.21643999,0.25887,0.274,10.57,10302320017408.0,-0.493,0.00053,7.523,4.764,0.2086,956948217856.0,1205337063424,29.96339023020897,0.4765,0.5,0.0,0.4573,0.4754,0.02460000000000001,HOLD,350,360,340,1.0,5.57,23.7095995
2026-09-25,SMSM.JK,1685.0,1690.0,1675.0,1685.0,1685.0,1379300,Industrials,0.0029717703891574,0.0029761904761904,-0.0203488372093023,-0.0174927113702624,1704.5,1721.0,1721.8258447265623,1698.1436279296877,-0.0209180708890058,-0.021387671023366,-0.0077399977914141,1704.9927104622257,1713.9835612015067,-8.990850739281086,-2.143572747984664,-6.847277991296423,33.33333333050504,0.1353130361763947,1772.2578620414308,1669.7421379585692,3375705.0,0.4085961302898208,36.25210059175519,-0.1208151087417515,1686.6666666666667,1673.3333333333337,1666.6666666666667,1693.3333333333337,1706.6666666666667,-0.0506777189118808,0.1855404876164917,-0.1901463145489776,1.0,-0.5965119733256001,0.1783,1.71,2.95,2.52,garch-t,,,8.467337,2.4205945,0.28834,0.17853001,0.21077,0.27942,9.5,9703368163328.0,0.139,0.0358,4.391,2.6,0.4143,963919151104.0,1086143004672,29.903494174499127,0.4482,0.5004,0.0001,0.4578,0.4615,0.03849999999999998,HOLD,1685,1735,1635,1.0,22.86,22.367
2026-09-25,MPMX.JK,1015.0,1020.0,1010.0,1020.0,1020.0,1649500,General,0.0049140148024291,0.0049261083743843,-0.0097087378640776,0.0,1023.0,1028.5,1011.9,900.1654235839844,-0.0082644628099093,0.0080047435517264,0.1331250604347413,1023.6468410310242,1021.2706697227196,2.3761713083044924,5.52337678070028,-3.147205472395788,38.09523809015873,0.1318295319356302,1052.1420677695528,1004.8579322304472,3131320.0,0.5267746509459268,26.563945408401224,0.0520506109356748,1018.3333333333334,1011.6666666666669,1008.3333333333334,1021.6666666666669,1028.3333333333337,0.2969696800369168,0.1447670922172934,-0.0686356396509453,1.0,1.6368916410201146,0.1358,1.3,2.24,1.92,garch-t,,,8.641138,0.8038218,0.09101,0.05134,0.0327,0.040900003,16.67,4467420299264.0,0.497,0.00915,1.609,1.096,0.3373,312379736064.0,797965025280,29.12783224370088,0.4578,0.5018,0.0003,0.4567,0.4663,0.03370000000000001,HOLD,1020,1050,990,1.0,16.43,20.555
2026-09-25,NRCA.JK,545.0,555.0,520.0,530.0,530.0,7515800,General,-0.0370412716803491,-0.0363636363636363,-0.094017094017094,-0.094017094017094,558.0,566.0,541.86,721.5355348205567,-0.0636042402825731,-0.0218875724356441,-0.2654554427009966,557.0715630843845,555.2648079241926,1.8067551601918692,7.183447262656019,-5.376692102464149,42.85714285428571,0.5771992422504754,610.7919165639404,521.2080834360596,7459670.0,1.0075244615378427,40.72158590322673,-0.0155523295258708,555.0,540.0,530.0,565.0,580.0,-0.4636089782390737,0.9324054306835512,-0.8074973953773896,1.0,-0.5615673176505377,0.6069,6.29,8.89,7.89,ewma_unhealthy_guard,,,6.882223,0.9730002,0.14822,0.06313,0.053150002,0.08538,7.55,1323016912896.0,0.482,0.24898,1.779,1.753,0.2105,16752466944.0,62690533376,27.910935784725687,0.5191,0.5586,0.0094,0.4585,0.5088,0.00880000000000003,HOLD,530,565,515,2.33,30.71,18.2006
2026-09-25,TLKM.JK,2400.0,2420.0,2380.0,2410.0,2410.0,170051400,Infrastructures,0.0,0.0,-0.05859375,-0.0622568093385214,2543.0,2579.5,2615.4,2860.479656982422,-0.0657104089939656,-0.0785348321480162,-0.1574839575882475,2518.5883747792486,2564.71637360556,-46.12799882631134,-20.09510561894594,-26.0328932073654,29.99999999916,0.2241881537845473,2755.475476760486,2403.524523239514,116666705.0,1.4575829496513166,34.31818120088097,0.0944466253598584,2406.6666666666665,2383.333333333333,2356.6666666666665,2433.333333333333,2456.6666666666665,-0.200455458909761,0.4359059722373055,-0.4035532984717067,1.0,-0.5975023927077047,0.2633,2.58,4.35,3.73,garch-t,,,13.513514,2.0077243,0.17683001,0.07579,0.12007,0.28538,9.26,237580058624000.0,0.28,0.59982,0.791,0.696,0.4712,57332373389312.0,66130999771136,33.10152577154469,0.5568,0.5021,0.0003,0.462,0.5174,0.01739999999999997,HOLD,2410,2480,2340,1.0,62.14,18.060650250000002
2026-09-25,BMRI.JK,4080.0,4120.0,4070.0,4080.0,4080.0,70546200,Financials,0.0024539889615667,0.0024570024570025,-0.0422535211267606,-0.0251754770239283,4221.64794921875,4264.073095703125,4197.9424609375,4259.530008544922,-0.0431683724860557,-0.0280953019330171,-0.0421478445238628,4198.976226909385,4212.291354786096,-13.315127876710903,18.778503839456363,-32.093631716167266,33.5557784107927,0.238246212184266,4450.634005570308,4077.5121858359416,139679560.0,0.5050574328842388,24.32758135946159,-0.034528185610926,4100.0,4040.0,4010.0,4130.0,4190.0,0.0157445856713573,0.3124012845812195,-0.4016845705984359,1.0,-0.141661621930735,0.2803,2.73,4.49,3.86,garch-t,,,6.112451,1.3380493,0.22378999,0.02623,0.43377998,0.60428,13.31,379331209592832.0,0.336,,,,0.4078,,-292997803540480,33.56943084331812,0.4916,0.5013,0.0002,0.4591,0.4838,0.016199999999999992,HOLD,4080,4200,3960,1.0,87.14,18.013749750000002
2026-09-25,AUTO.JK,3340.0,3390.0,3340.0,3380.0,3380.0,950400,Industrials,0.0119049025063184,0.0119760479041917,0.0059523809523809,-0.0058823529411764,3353.0,3355.0,3047.0,2639.6507263183594,0.0074515648286117,0.1092878240892322,0.2804724376220633,3346.6956237678232,3260.343641720841,86.35198204698236,106.23516302828996,-19.883180981307618,55.55555555339507,0.1469682911539183,3421.649120497564,3288.3508795024363,3544155.0,0.2681598293528358,48.16548358400545,-0.3094044216639494,3353.333333333333,3306.666666666667,3273.333333333333,3386.666666666667,3433.333333333333,0.5644012299175374,0.3058003715162589,-0.1583132920839407,1.0,1.64944070530671,0.2186,2.27,3.2,2.84,ewma_unhealthy_guard,,,6.7475843,1.0187594,0.15295,0.03424,0.11416,0.050819997,6.78,16290697707520.0,0.367,0.03433,2.025,1.403,0.2,276793884672.0,1612079038464,30.42161536804397,0.4419,0.5163,0.0026,0.4568,0.4612,0.0388,HOLD,3380,3480,3280,1.0,62.14,17.8941
2026-09-25,PTBA.JK,3050.0,3140.0,3030.0,3090.0,3090.0,31882000,Energy,0.0130295002903338,0.0131147540983607,0.0,0.2213438735177866,3061.0,2982.0,2627.2,2545.88154296875,0.0362173038229254,0.176157125456693,0.2137249702500062,3027.6600901763745,2892.018690054533,135.64140012184134,150.73625023891373,-15.094850117072385,57.14285714142857,0.3762072530523482,3301.5786699949717,2662.4213300050287,52759675.0,0.604287270533793,64.85038712572819,0.0310309645695573,3030.0,3010.0,2970.0,3070.0,3090.0,0.3588644350035912,0.3025149581862468,-0.2528748655073965,1.0,0.9879294857549054,0.2926,2.59,4.89,4.17,garch-t,,,7.501821,1.410425,0.21109,0.06779,0.107329994,0.14992,3.71,35579366473728.0,3.188,0.11782,1.206,0.893,0.328,2637183844352.0,8662679027712,31.20278699232272,0.4576,0.4896,-0.0017,0.4549,0.4632,0.0368,HOLD,3090,3180,3000,1.0,100.0,17.752150000000004
2026-09-25,AMRT.JK,1290.0,1315.0,1290.0,1305.0,1305.0,36005800,Consumer Non-Cyclicals,0.0193429628431309,0.01953125,0.0038461538461538,-0.0261194029850746,1302.0,1306.25,1344.4,1508.529552001953,-0.0009569377990423,-0.0293067539422573,-0.1349191679617521,1304.6984972211355,1319.2221434480573,-14.523646226921755,-16.27935458524364,1.7557083583218862,47.91666666387152,0.2537215177058814,1344.7583722961674,1267.7416277038326,34750805.0,1.0361141274281271,44.24190621081005,-0.2389780458165054,1288.3333333333333,1261.6666666666663,1243.3333333333333,1306.6666666666663,1333.3333333333333,-0.3741334778663858,0.4784184331210055,-0.5552788249751367,1.0,-0.907432783476798,0.3229,3.09,5.4,4.61,garch-t,,,15.174418,3.0125,0.20027,0.07356,0.027139999,0.03754,3.18,53624843534336.0,0.056,0.14109,1.036,0.355,0.4516,4332869648384.0,8190008229888,31.613033575397854,0.4569,0.5715,0.0115,0.4614,0.4812,0.018799999999999983,HOLD,1305,1345,1260,0.89,34.64,17.603300000000004
2026-09-25,ACES.JK,346.0,346.0,340.0,342.0,342.0,6368100,Consumer Cyclicals,-0.0058309203107932,-0.0058139534883721,-0.0228571428571429,-0.05,348.0,351.3,354.16,352.0589709472656,-0.0264730999145275,-0.0343347639484009,-0.0285718353381875,347.8649128842281,350.6794910652767,-2.814578181048603,-1.507115604252042,-1.3074625767965609,29.9999999895,0.1605120102482162,361.5412992592781,341.0587007407219,19236975.0,0.3310343752071206,25.44047541520949,0.170604794470553,344.0,340.0,336.0,348.0,352.0,-0.1364569374911868,0.2750901250359448,-0.5262924935846962,1.0,-0.714152219434621,0.2481,2.45,4.28,3.68,garch-t,,,7.663007,0.92003495,0.121199995,0.06339,0.086,0.07775,9.36,5855173410816.0,0.499,0.15331,4.945,1.664,0.3999,647378763776.0,1228204277760,29.398346730100013,0.4441,0.4967,-0.0005,0.4566,0.4584,0.041600000000000026,SELL ON STRENGTH,342,350,334,1.0,7.86,17.467449875
2026-09-25,ASII.JK,4780.0,4790.0,4670.0,4690.0,4690.0,30912500,Consumer Cyclicals,-0.0169137224420618,-0.0167714884696016,-0.0269709543568464,-0.0229166666666666,4825.0,4861.5,4905.0,5582.826481933594,-0.0352771778257666,-0.0438328236493284,-0.1599237384186452,4808.2156814822,4843.710836887372,-35.49515540517223,-17.26650820900566,-18.22864719616657,33.33333333262627,0.26579223623325,5027.60396237237,4695.39603762763,44209465.0,0.6992280951601654,36.804796806407374,-0.014205843217055,4776.666666666667,4743.333333333334,4716.666666666667,4803.333333333334,4836.666666666667,-0.1090687505571149,0.4046548285646196,-0.381061005203265,1.0,-0.4178087614772027,0.2634,2.59,4.41,3.78,garch-t,,,6.3371525,0.8137815,0.11983,0.0435,0.09354,0.10734,8.32,187225090293760.0,-0.212,0.41125,1.187,0.848,0.4421,16600374706176.0,37806000832512,32.86333270033792,0.539,0.5178,0.0029,0.4581,0.5105,0.010499999999999954,HOLD,4690,4830,4550,1.0,89.29,17.03
