Date,Ticker,Open,High,Low,Close,Adj Close,Volume,Sector,Log_Return,Return_1D,Return_5D,Return_20D,SMA_10,SMA_20,SMA_50,SMA_200,Dist_SMA_20,Dist_SMA_50,Dist_SMA_200,EMA_12,EMA_26,MACD,MACD_Signal,MACD_Hist,RSI_14,Volatility_20D,Bollinger_Upper,Bollinger_Lower,Volume_SMA_20,Volume_Ratio,MFI_14,CMF_20,Next_Pivot_Point,Next_Support_1,Next_Support_2,Next_Resistance_1,Next_Resistance_2,Pivot_Point,Support_1,Support_2,Resistance_1,Resistance_2,Annualized_Return_1Y,Annualized_Vol_252D,Max_Drawdown_1Y,Beta_IHSG,Sharpe_Ratio,GARCH_Vol,VaR_95_1D,VaR_99_1D,ES_95_1D,GARCH_Model,Benchmark_Return_1D,Benchmark_Return_5D,IHSG_Return_1D,US_10Y_Yield_Delta,USD_IDR_Return_1D,Brent_Oil_Return_1D,SP500_Return_1D,Oil_Energy_Tailwind,Rate_Bank_Sensitivity,FX_Consumer_Headwind,Target_Return_5D,Target_Excess_Return_5D,Target_Class_5D,PE_Ratio,PB_Ratio,ROE,ROA,Profit_Margin,Operating_Margin,Dividend_Yield,Market_Cap,Earnings_Growth,Debt_to_Equity,Current_Ratio,Quick_Ratio,Free_Float_Ratio,Free_Cashflow,Operating_Cashflow,Log_Market_Cap,GBDT_Prob,ARIMA_Prob,ARIMA_Expected_Return,LSTM_Prob,Bullish_Probability,Conviction_Score,Is_Top_Decile,Recommendation,Entry_Price,Target_Price,Stop_Loss,Risk_Reward_Ratio,ATR_14
2026-10-06,AMRT.JK,1265.0,1270.0,1245.0,1250.0,1250.0,1457200,Consumer Non-Cyclicals,-0.0079681696491768,-0.0079365079365079,-0.0530303030303029,-0.0458015267175572,1293.5,1296.25,1332.9,1492.0248706054688,-0.0356798457087477,-0.0621952134443228,-0.1622123567599057,1288.8443782470792,1305.749587400544,-16.90520915346474,-13.410108724332895,-3.495100429131842,39.58333333102431,0.2593547158317544,1343.6980325141155,1248.8019674858845,32918325.0,0.0442671369214563,44.78218173683938,-0.2007929412757944,1255.0,1240.0,1230.0,1265.0,1280.0,1261.6666666666667,1238.3333333333337,1216.6666666666667,1283.3333333333337,1306.6666666666667,-0.330440846508468,0.4729123153977774,-0.5552788249751367,0.9045648531153512,-0.8256076405462596,0.2997,2.87,5.01,4.29,garch-t,0.0023960563144256,,0.0023960563144256,0.0339999198913574,0.0001675135406777,-0.0161369342384245,0.006633670396382,0.0,0.0,0.0001675135406777,,,,14.540995,2.8739944,0.20027,0.07356,0.027139999,0.03754,3.28,51159335174144.0,0.056,0.14109,1.036,0.355,0.4516,4332869648384.0,8190008229888,31.565966097522384,0.4719,0.6812,0.0304,0.4709,0.5135,0.013499999999999956,True,HOLD,1250,1290,1210,1.0,40.36
2026-10-06,GOTO.JK,30.0,32.0,30.0,32.0,32.0,1116336708,Technology,0.0984400728132525,0.1034482758620689,-0.1351351351351351,-0.36,38.1,44.05,47.62,53.86,-0.2735527809245504,-0.3280134397243172,-0.4058670627477559,37.56120769205485,42.70132043264746,-5.140112740592613,-3.1063584088090943,-2.033754331783519,17.85714284821428,1.0918415106375938,61.71918221086042,26.38081778913957,6331329020.4,0.1763194906477111,92.95938812095667,0.6294573512542618,31.33333333333333,30.666666666666664,29.33333333333333,32.666666666666664,33.33333333333333,29.33333333333333,28.666666666666664,28.33333333333333,29.666666666666664,30.33333333333333,-0.4074074074074074,0.4695888035199104,-0.6056338028083713,0.4616030231573669,-0.995352547912786,1.0384,10.76,15.22,13.49,ewma_unhealthy_guard,0.0023960563144256,,0.0023960563144256,0.0339999198913574,0.0001675135406777,-0.0161369342384245,0.006633670396382,0.0,0.0,0.0,,,,,1.0530126,-0.011569999,0.00801,8.9999994e-05,0.06434,0.0,34114956689408.0,,0.28366,2.61,2.453,0.7695,1504526729216.0,2643487096832,31.160757016648244,0.3835,0.9,0.1006,0.4709,0.513,0.013000000000000012,True,HOLD,50,50,50,1.0,2.14
2026-10-06,ITMG.JK,25500.0,25525.0,25425.0,25500.0,25500.0,31300,Energy,0.0,0.0,0.0210210210210211,-0.0467289719626168,25240.0,25716.25,25424.5,23793.8923046875,-0.0084090798619546,0.00296957658951,0.0717035982791398,25419.151280833383,25513.686614548707,-94.53533371532104,-15.250589407177596,-79.28474430814343,42.71356783907578,0.2348369683526904,26899.274113291744,24533.225886708256,1265310.0,0.0247370209671937,51.64453127760403,-0.1195807188251829,25483.33333333333,25441.666666666664,25383.33333333333,25541.666666666664,25583.33333333333,25358.33333333333,25191.666666666664,24883.33333333333,25666.666666666664,25833.33333333333,0.2008743866627889,0.2780859892764586,-0.2457458494093282,0.2013922765904265,0.5065838823647353,0.2678,2.46,4.42,3.76,garch-t,0.0023960563144256,,0.0023960563144256,0.0339999198913574,0.0001675135406777,-0.0161369342384245,0.006633670396382,-0.0161369342384245,0.0,0.0,,,,7.947997,1.4785258,0.111190006,0.07141,0.10496,0.12782,6.87,28091290222592.0,1.004,0.052,3.458,2.875,0.3312,203206128.0,66597000,30.966480687730417,0.498,0.4906,-0.0015,0.4709,0.4884,0.0116,True,HOLD,25500,26275,24725,1.0,546.43
2026-10-06,BRPT.JK,1485.0,1495.0,1475.0,1475.0,1475.0,5117300,Basic Materials,-0.0067567824628797,-0.0067340067340067,0.0207612456747405,-0.1619318181818182,1480.0,1561.75,1725.6,1997.278130493164,-0.0555466623979154,-0.1452248493276858,-0.2614949428019535,1500.229454326792,1583.7183942483996,-83.48893992160765,-78.4045486502659,-5.084391271341758,34.93975903496589,0.3403249455324815,1770.940796818714,1352.559203181286,50489370.0,0.1013540077842128,36.15458343339118,-0.3934326655942783,1481.6666666666667,1468.3333333333337,1461.6666666666667,1488.3333333333337,1501.6666666666667,1465.0,1445.0,1405.0,1505.0,1525.0,-0.6083234127312136,0.8403116033313561,-0.7079439399099673,2.3570409832839507,-0.7953271319288747,0.4171,4.32,6.11,5.42,ewma_unhealthy_guard,0.0023960563144256,,0.0023960563144256,0.0339999198913574,0.0001675135406777,-0.0161369342384245,0.006633670396382,0.0,0.0,0.0,,,,55.850056,5.673076999999999,0.0646,0.02207,0.01392,0.10423,11.0,138224823435264.0,-0.809,1.33059,2.18,1.378,0.2824,-339438368.0,290488000,32.55990263077979,0.4787,0.5313,0.005,0.4709,0.4869,0.0131,False,HOLD,1475,1520,1430,1.0,61.43
2026-10-06,AKRA.JK,1500.0,1505.0,1490.0,1495.0,1495.0,415200,Energy,-0.0033389012655145,-0.0033333333333332,0.0418118466898955,-0.0196721311475409,1466.5,1478.75,1437.8273046875,1299.642439575195,0.0109890109890035,0.0397632560781604,0.1503163904746827,1470.0148795131824,1458.1002296599454,11.914649853237052,12.923090955825192,-1.00844110258814,55.263157890664814,0.2005763789446309,1538.2102919248753,1419.2897080751247,15414240.0,0.0269361317846355,43.996783486617296,-0.0029844906412002,1496.6666666666667,1488.3333333333337,1481.6666666666667,1503.3333333333337,1511.6666666666667,1490.0,1475.0,1450.0,1515.0,1530.0,0.3215530933597004,0.3814147382883541,-0.2868509246046092,0.5409564687132472,0.6857427921916627,0.344,3.19,5.72,4.88,garch-t,0.0023960563144256,,0.0023960563144256,0.0339999198913574,0.0001675135406777,-0.0161369342384245,0.006633670396382,-0.0161369342384245,0.0,0.0,,,,10.643565,2.299567,0.19524999,0.05786,0.04912,0.048779998,6.85,29798652968960.0,0.253,0.3332699999999999,1.326,1.028,0.3211,7629777141760.0,7757166542848,31.02548430603436,0.4877,0.508,0.0013,0.4709,0.4867,0.013299999999999979,False,HOLD,1495,1540,1450,1.0,39.64
2026-10-06,EXCL.JK,2350.0,2350.0,2320.0,2330.0,2330.0,102200,Infrastructures,0.0043010818993907,0.0043103448275862,-0.0168776371308017,-0.1496350364963503,2369.0,2465.0,2571.2,2952.5,-0.0547667342798966,-0.0938083385189429,-0.2108382726502249,2398.1159390861417,2478.377437140328,-80.26149805418618,-71.42364900622802,-8.837849047958159,31.57894736764544,0.278903200435432,2717.1904042583465,2212.809595741653,8102185.0,0.0126138813172002,26.73147303499519,-0.4306541187931995,2333.333333333333,2316.666666666667,2303.333333333333,2346.666666666667,2363.333333333333,2343.333333333333,2296.666666666667,2273.333333333333,2366.666666666667,2413.333333333333,-0.0862369787515208,0.5778905863734666,-0.48552338530056,1.322147001398135,-0.2530526178261645,0.3234,3.35,4.74,4.2,ewma_unhealthy_guard,0.0023960563144256,,0.0023960563144256,0.0339999198913574,0.0001675135406777,-0.0161369342384245,0.006633670396382,0.0,0.0,0.0,,,,,1.46855,-0.13436,-0.00686,-0.088649996,0.031719998,6.68,42405680119808.0,,2.04323,0.318,0.183,0.3318,14058289889280.0,22366453235712,31.37830343428375,0.4767,0.5204,0.0033,0.4709,0.4837,0.01629999999999998,False,HOLD,2330,2400,2260,1.0,80.71
2026-10-06,UNTR.JK,25800.0,25950.0,25775.0,25900.0,25900.0,181200,Industrials,0.0116506172199752,0.01171875,0.028798411122145,0.0009661835748793,25325.0,25502.5,24712.0,26472.21072265625,0.0155867071855694,0.0480738102945917,-0.0216155246213155,25551.00974975688,25288.86944299866,262.1403067582178,193.20797033201265,68.93233642620515,48.7084870847702,0.3613208253462158,27298.687482889167,23706.312517110837,3735740.0,0.0485044462409054,29.80718086037916,-0.2403696639130575,25875.0,25800.0,25700.0,25975.0,26050.0,25691.666666666668,25083.333333333336,24566.666666666668,26208.333333333336,26816.666666666668,0.0292892751655942,0.3879325975491946,-0.3348019803582253,0.6411388038426594,-0.0791649009738356,0.377,3.39,6.26,5.33,garch-t,0.0023960563144256,,0.0023960563144256,0.0339999198913574,0.0001675135406777,-0.0161369342384245,0.006633670396382,0.0,0.0,0.0,,,,12.443069,0.96363527,0.07437,0.051599998,0.06308,0.06849,6.4,90471128891392.0,-0.934,0.27593,1.237,0.809,0.3644,6798736097280.0,18528755253248,32.13605189796276,0.4724,0.5293,0.0047,0.4709,0.4833,0.016699999999999993,False,HOLD,25900,26675,25075,0.94,828.57
2026-10-06,BRIS.JK,1415.0,1420.0,1395.0,1400.0,1400.0,2430200,Financials,-0.0106572944739879,-0.0106007067137808,-0.0759075907590759,-0.2112676056338028,1478.5,1578.25,1705.5,1940.5003955078123,-0.1129415491841514,-0.1791263559072535,-0.2785366067220458,1491.996987246179,1583.723668976657,-91.72668173047828,-75.45100763409167,-16.27567409638661,12.676056337528266,0.2932869786730889,1826.2583827107303,1330.2416172892697,24314655.0,0.0999479531994182,6.096823078488001,-0.2863046015245102,1405.0,1390.0,1380.0,1415.0,1430.0,1405.0,1385.0,1355.0,1435.0,1455.0,-0.4640756178237848,0.3907648753059765,-0.4700524753770945,0.8551402599006163,-1.3411499082754466,0.4,3.62,6.79,5.82,garch-t,0.0023960563144256,,0.0023960563144256,0.0339999198913574,0.0001675135406777,-0.0161369342384245,0.006633670396382,0.0,0.0339999198913574,0.0,,,,8.06172,1.2607663,0.16148001,0.01845,0.31524,0.41187,2.32,64350316396544.0,0.05,,,,0.099,,4693782167552,31.795362966765808,0.4758,0.5135,0.0022,0.4709,0.4819,0.018100000000000005,False,HOLD,1400,1440,1360,1.0,50.0
2026-10-06,HEAL.JK,620.0,620.0,610.0,610.0,610.0,491800,Healthcare,-0.0162605208717802,-0.0161290322580645,-0.008130081300813,-0.1094890510948904,615.5,642.25,692.0,1036.0540252685546,-0.0502140910859475,-0.1184971098264183,-0.4112276144650915,622.3019876015254,648.7882638758041,-26.48627627427868,-26.416541625715453,-0.0697346485632266,29.03225806189387,0.2749764488039228,704.1050938206329,580.3949061793671,10036015.0,0.0490035138448876,24.89818885489061,-0.1798942109912881,613.3333333333334,606.6666666666667,603.3333333333334,616.6666666666667,623.3333333333334,613.3333333333334,606.6666666666667,593.3333333333334,626.6666666666667,633.3333333333334,-0.6268820370004367,0.3752087925738154,-0.6455406566904606,0.4442643161475037,-1.8306612742931163,0.4235,3.63,7.02,6.01,garch-t,0.0023960563144256,,0.0023960563144256,0.0339999198913574,0.0001675135406777,-0.0161369342384245,0.006633670396382,0.0,0.0,0.0001675135406777,,,,23.745174,1.7002195,0.07281,0.04891,0.0541,0.11906,2.25,9376104448000.0,-0.135,0.51262,1.271,1.165,0.5204,-522991632384.0,1208342020096,29.869185488632898,0.4751,0.5114,0.0018,0.4709,0.4811,0.018899999999999972,False,HOLD,610,630,590,1.0,22.5
2026-10-06,CPIN.JK,2910.0,2930.0,2900.0,2930.0,2930.0,543200,Consumer Non-Cyclicals,0.0068493418455747,0.0068728522336769,-0.0134680134680135,-0.1227544910179641,2966.0,3061.0,3092.2,3688.454737548828,-0.042796471741247,-0.05245456309422,-0.2056294007968918,2981.452964674236,3040.0860993790707,-58.6331347048349,-39.98486183510512,-18.64827286972978,26.82926829176681,0.2194090286704714,3290.498308674401,2831.501691325599,25736100.0,0.0211065390638053,40.3324781318692,-0.2169662275199979,2920.0,2910.0,2890.0,2940.0,2950.0,2906.6666666666665,2883.333333333333,2856.6666666666665,2933.333333333333,2956.6666666666665,-0.3599315967854073,0.3951088664798008,-0.4232329110365762,0.4650215875824637,-1.0628223499624387,0.281,2.77,4.74,4.07,garch-t,0.0023960563144256,,0.0023960563144256,0.0339999198913574,0.0001675135406777,-0.0161369342384245,0.006633670396382,0.0,0.0,0.0001675135406777,,,,6.4537444,1.3767917,0.22792,0.13227001,0.0967,0.06196,6.19,48046142390272.0,2.111,0.2821099999999999,2.681,0.728,0.389,1079185899520.0,5366488760320,31.50318296488102,0.4756,0.5057,0.0009,0.4709,0.4802,0.019799999999999984,False,HOLD,2930,3020,2840,1.0,70.0
2026-10-06,TLKM.JK,2290.0,2290.0,2280.0,2290.0,2290.0,8743500,Infrastructures,0.0,0.0,-0.0337552742616034,-0.1358490566037735,2337.0,2471.5,2563.8,2824.5292810058595,-0.0734371838963894,-0.1067946017629664,-0.1892454380275767,2362.7119901166,2453.1694308616043,-90.45744074500452,-69.09492041980505,-21.362520325199483,8.888888888612357,0.245411377828066,2783.1864146102766,2159.813585389724,137900470.0,0.0634044249450346,11.840541838446583,-0.068866538972248,2286.6666666666665,2283.333333333333,2276.6666666666665,2293.333333333333,2296.6666666666665,2280.0,2260.0,2230.0,2310.0,2330.0,-0.2162245947569712,0.4368017701152987,-0.4035532984717067,0.9777073114813196,-0.6323783035626326,0.2743,2.7,4.55,3.91,garch-t,0.0023960563144256,,0.0023960563144256,0.0339999198913574,0.0001675135406777,-0.0161369342384245,0.006633670396382,0.0,0.0,0.0,,,,13.116079,1.6687127,0.17683001,0.07579,0.12007,0.28538,9.92,223778734866432.0,0.28,0.59982,0.791,0.696,0.4712,57332373389312.0,66130999771136,33.04167888882191,0.4801,0.4929,-0.0011,0.4709,0.4799,0.020100000000000007,False,HOLD,2290,2360,2220,1.0,67.14
2026-10-06,ACES.JK,328.0,328.0,322.0,322.0,322.0,1066600,Consumer Cyclicals,-0.0123458358222993,-0.0122699386503067,-0.0584795321637426,-0.0955056179775281,334.6,342.5,350.72,350.2411201477051,-0.0598540145983653,-0.0818886861311534,-0.080633365196281,334.15004727960434,341.721376681124,-7.57132940151962,-5.007278329359914,-2.564051072159706,24.999999993749995,0.1913388737513142,364.785232306719,320.214767693281,16737035.0,0.0637269384929887,20.29852342733811,0.0564477718439059,324.0,320.0,318.0,326.0,330.0,324.0,322.0,318.0,328.0,330.0,-0.1755587169581275,0.2753857286930039,-0.5262924935846962,0.5910100230488824,-0.8553742516064532,0.2705,2.68,4.65,3.99,garch-t,0.0023960563144256,,0.0023960563144256,0.0339999198913574,0.0001675135406777,-0.0161369342384245,0.006633670396382,0.0,0.0,0.0001675135406777,,,,7.1254706,0.86623174,0.121199995,0.06339,0.086,0.07775,9.94,5512765636608.0,0.499,0.15331,4.945,1.664,0.3999,647378763776.0,1228204277760,29.33808754358731,0.4808,0.489,-0.0018,0.4709,0.4795,0.020500000000000018,False,HOLD,322,332,312,1.0,8.14
